instancia,metodo,r
n100p3,GRASP,1.0
n100p3,TABU,1.00083769756189
n100p3,GA,1.0
n100p3,PLI,1.0047098520262907
n200p3,GRASP,1.0
n200p3,TABU,1.0139944772443508
n200p3,GA,1.0084212946807674
n200p3,PLI,1.0488717482204342
n25p3,GRASP,1.0
n25p3,TABU,1.0
n25p3,GA,1.0
n25p3,PLI,1.0
n400p3,GRASP,1.0
n400p3,TABU,1.3718539469901239
n400p3,GA,1.0015805055442022
n400p3,PLI,1.5198270302192038
n50p3,GRASP,1.0
n50p3,TABU,1.0
n50p3,GA,1.0
n50p3,PLI,1.0
