instancia,metodo,r
n100p2,GRASP,1.0
n100p2,TABU,1.009408853450646
n100p2,GA,1.0
n100p2,PLI,1.0
n200p2,GRASP,1.0
n200p2,TABU,1.0012721283950194
n200p2,GA,1.0003276694350807
n200p2,PLI,1.0514505261985634
n25p2,GRASP,1.0
n25p2,TABU,1.0
n25p2,GA,1.0
n25p2,PLI,1.0
n400p2,GRASP,1.0
n400p2,TABU,1.0017332291768382
n400p2,GA,1.0017332291768382
n400p2,PLI,1.5233375646909482
n50p2,GRASP,1.0
n50p2,TABU,1.0
n50p2,GA,1.0
n50p2,PLI,1.0
