instancia,metodo,r
n100p1,GRASP,1.0
n100p1,TABU,1.0532656358181398
n100p1,GA,1.6470036156627432
n100p1,PLI,1.0061543195630434
n200p1,GRASP,1.0
n200p1,TABU,1.0
n200p1,GA,1.6873027198955097
n200p1,PLI,1.0032189663026434
n25p1,GRASP,1.0
n25p1,TABU,1.1293096828687705
n25p1,GA,1.0
n25p1,PLI,1.0
n400p1,GRASP,1.0
n400p1,TABU,1.000532242649233
n400p1,GA,2.1452202130115205
n400p1,PLI,1.1123957214558648
n50p1,GRASP,1.0
n50p1,TABU,1.0
n50p1,GA,1.0074500215734215
n50p1,PLI,1.0
